c1ccccc1,70.657
Cc1ccccc1,68.299
CCc1ccccc1,67.978
O=C(O)c1ccccc1,65.773
Sc1ccccc1,70.364
Oc1ccccc1,65.954
Nc1ccccc1,63.637
O=Cc1ccccc1,62.73
c1ccncc1,63.889
c1ccpcc1,68.983
C1=CCOC=C1,113.139
C1=COC=CC1,107.99
C1=CCSC=C1,114.291
C1=CSC=CC1,118.205
c1cncnc1,57.343
c1cnccn1,59.772
c1ncncn1,47.295
c1cpcpc1,74.621
c1cpccp1,75.249
c1pcpcp1,80.748
C1=COC=CO1,119.817
C1=CSC=CS1,124.297
O=C(O)c1ccccc1C(=O)O,71.453
O=C(O)c1cccc(C(=O)O)c1,60.637
O=C(O)c1ccc(C(=O)O)cc1,60.707
O=C(O)c1cccc(C(=O)O)c1C(=O)O,70.476
O=C(O)c1ccc(C(=O)O)c(C(=O)O)c1,66.875
O=C(O)c1cc(C(=O)O)cc(C(=O)O)c1,54.971
Cc1ccccc1C,64.503
Cc1cccc(C)c1,65.536
Cc1ccc(C)cc1,62.521
Cc1cccc(C)c1C,60.567
Cc1ccc(C)c(C)c1,65.187
Cc1cc(C)cc(C)c1,62.73
Sc1ccccc1S,70.992
Sc1cccc(S)c1,69.555
Sc1ccc(S)cc1,70.141
Sc1cccc(S)c1S,71.718
Sc1ccc(S)c(S)c1,70.281
Sc1cc(S)cc(S)c1,68.592
O=Cc1ccccc1C=O,62.716
O=Cc1cccc(C=O)c1,55.948
O=Cc1ccc(C=O)cc1,57.525
O=Cc1cccc(C=O)c1C=O,62.256
O=Cc1ccc(C=O)c(C=O)c1,56.967
O=Cc1cc(C=O)cc(C=O)c1,51.3
Nc1ccccc1N,55.138
Nc1cccc(N)c1,53.17
Nc1ccc(N)cc1,56.185
Nc1cccc(N)c1N,48.509
Nc1ccc(N)c(N)c1,47.267
Nc1cc(N)cc(N)c1,44.197
Oc1ccccc1O,62.479
Oc1cccc(O)c1,59.59
Oc1ccc(O)cc1,62.8
Oc1cccc(O)c1O,58.851
Oc1ccc(O)c(O)c1,57.246
Oc1cc(O)cc(O)c1,52.947
CCc1ccccc1CC,62.367
CCc1cccc(CC)c1,60.804
CCc1ccc(CC)cc1,64.224
CCc1cccc(CC)c1CC,59.144
CCc1ccc(CC)c(CC)c1,59.172
CCc1cc(CC)cc(CC)c1,57.65
C1=CCC=C1,110.544
CC1C=CC=C1,113.349
CC1=CC=CC1,106.943
CC1=CCC=C1,106.796
OC1=CCC=C1,103.028
NC1=CCC=C1,98.234
SC1=CCC=C1,105.352
CCC1=CCC=C1,104.912
O=C(O)C1=CCC=C1,103.426
O=CC1=CCC=C1,99.114
c1cc[nH]c1,60.218
C1=CCN=C1,90.74
C1=CN=CC1,95.178
c1cc[pH]c1,107.152
C1=CCP=C1,101.291
C1=CP=CC1,110.565
c1ccoc1,78.389
c1ccsc1,109.769
c1c[nH]cn1,37.002
C1=NC=NC1,74.6
C1=NCN=C1,74.035
c1c[pH]cp1,100.872
C1=PC=PC1,100.181
C1=PCP=C1,88.626
CC1=CC=C[C@H]1C,106.273
CC1=C(C)CC=C1,100.474
CC1=CCC=C1C,103.091
CC1=C[C@H](C)C=C1,106.629
CC1=CCC(C)=C1,102.065
CC1=CC=C(C)C1,102.547
CC1=C(C)[C@H](C)C=C1,101.689
CC1=CC=C(C)C1C,100.474
CC1=CCC(C)=C1C,97.669
CC1=C[C@@H](C)C(C)=C1,100.788
CC1=CC(C)C=C1C,100.998
CC1=CC(C)=C(C)C1,97.46
OC1=CC=C[C@H]1O,110.669
OC1=C(O)CC=C1,102.798
OC1=CCC=C1O,93.608
OC1=C[C@H](O)C=C1,111.004
OC1=CCC(O)=C1,89.756
OC1=CC=C(O)C1,95.22
OC1=C(O)[C@H](O)C=C1,121.032
OC1=CC=C(O)C1O,121.094
OC1=CCC(O)=C1O,103.133
OC1=C[C@@H](O)C(O)=C1,108.115
OC1=CC(O)C=C1O,108.932
OC1=CC(O)=C(O)C1,107.006
NC1=CC=C[C@H]1N,95.722
NC1=C(N)CC=C1,90.133
NC1=CCC=C1N,81.215
NC1=C[C@H](N)C=C1,101.375
NC1=CCC(N)=C1,84.92
NC1=CC=C(N)C1,94.529
NC1=C(N)[C@H](N)C=C1,90.112
NC1=CC=C(N)C1N,86.616
NC1=CCC(N)=C1N,73.511
NC1=C[C@@H](N)C(N)=C1,81.048
NC1=CC(N)C=C1N,87.516
NC1=CC(N)=C(N)C1,79.624
SC1=CC=C[C@H]1S,112.051
SC1=C(S)CC=C1,102.903
SC1=CCC=C1S,105.31
SC1=C[C@H](S)C=C1,112.093
SC1=CCC(S)=C1,102.003
SC1=CC=C(S)C1,102.986
SC1=C(S)[C@H](S)C=C1,104.724
SC1=CC=C(S)C1S,101.521
SC1=CCC(S)=C1S,100.014
SC1=C[C@@H](S)C(S)=C1,106.127
SC1=CC(S)C=C1S,107.613
SC1=CC(S)=C(S)C1,97.23
CCC1=CC=C[C@H]1CC,107.215
CCC1=C(CC)CC=C1,100.998
CCC1=CCC=C1CC,99.114
CCC1=C[C@H](CC)C=C1,107.236
CCC1=CCC(CC)=C1,99.721
CCC1=CC=C(CC)C1,100.412
CCC1=C(CC)[C@H](CC)C=C1,100.474
CCC1=CC=C(CC)C1CC,99.553
CCC1=CCC(CC)=C1CC,93.964
CCC1=C[C@@H](CC)C(CC)=C1,101.479
CCC1=CC(CC)C=C1CC,101.458
CCC1=CC(CC)=C(CC)C1,95.953
O=CC1=CC=C[C@H]1C=O,100.516
O=CC1=C(C=O)CC=C1,93.985
O=CC1=CCC=C1C=O,95.471
O=CC1=C[C@H](C=O)C=C1,106.985
O=CC1=CCC(C=O)=C1,85.486
O=CC1=CC=C(C=O)C1,82.827
O=CC1=C(C=O)[C@H](C=O)C=C1,97.69
O=CC1=CC=C(C=O)C1C=O,90.552
O=CC1=CCC(C=O)=C1C=O,85.402
O=CC1=C[C@@H](C=O)C(C=O)=C1,91.347
O=CC1=CC(C=O)C=C1C=O,102.589
O=CC1=CC(C=O)=C(C=O)C1,81.362
O=C(O)C1=CC=C[C@H]1C(=O)O,106.65
O=C(O)C1=C(C(=O)O)CC=C1,107.362
O=C(O)C1=CCC=C1C(=O)O,107.089
O=C(O)C1=C[C@H](C(=O)O)C=C1,109.267
O=C(O)C1=CCC(C(=O)O)=C1,90.803
O=C(O)C1=CC=C(C(=O)O)C1,88.333
O=C(O)C1=C(C(=O)O)[C@H](C(=O)O)C=C1,114.877
O=C(O)C1=CC=C(C(=O)O)C1C(=O)O,102.296
O=C(O)C1=CCC(C(=O)O)=C1C(=O)O,103.196
O=C(O)C1=C[C@@H](C(=O)O)C(C(=O)O)=C1,101.793
O=C(O)C1=CC(C(=O)O)C=C1C(=O)O,115.505
O=C(O)C1=CC(C(=O)O)=C(C(=O)O)C1,99.344
c1ccc2ccccc2c1,66.331
Cc1cccc2ccccc12,64.388
CC12C=CC=CC1C=CC=C2,116.133
C[C@@]12C=CC=CC1=CC=CC2,101.186
C[C@@]12C=CC=CC1=CCC=C2,106.179
Cc1ccc2ccccc2c1,64.849
CCc1ccc2ccccc2c1,64.33
Oc1ccc2ccccc2c1,63.417
Nc1ccc2ccccc2c1,61.533
O=C(O)c1ccc2ccccc2c1,62.412
Sc1ccc2ccccc2c1,65.904
O=Cc1ccc2ccccc2c1,61.298
c1ccc2ncccc2c1,62.169
C1=CC2C=CC=CN2C=C1,103.489
C1=CCN2C=CC=CC2=C1,89.411
C1=CC2=CCC=CN2C=C1,90.813
c1ccc2cnccc2c1,62.228
c1ccc2pcccc2c1,66.071
C1=CC2C=CC=CP2C=C1,120.99
C1=CCP2C=CC=CC2=C1,124.214
C1=CC2=CCC=CP2C=C1,132.451
c1ccc2cpccc2c1,65.142
C1=CO[C@H]2C=CC=CC2=C1,103.426
C1=COC2=CCC=CC2=C1,95.743
C1=CCC2=CC=COC2=C1,98.475
C1=COc2ccccc2C1,76.348
C1=Cc2ccccc2OC1,77.238
C1=CS[C@H]2C=CC=CC2=C1,104.368
C1=CSC2=CCC=CC2=C1,98.35
C1=CCC2=CC=CSC2=C1,101.594
C1=CSc2ccccc2C1,80.901
C1=Cc2ccccc2SC1,78.923
C1=Cc2ccccc2CO1,75.228
C1=CCC2=COC=CC2=C1,94.665
C1=CC2=COC=CC2=CC1,92.404
C1=CC2=COC=C[C@@H]2C=C1,105.781
C1=c2ccccc2=COC1,95.869
C1=Cc2ccccc2CS1,78.211
C1=CCC2=CSC=CC2=C1,98.559
C1=CC2=CSC=CC2=CC1,96.026
C1=CC2=CSC=C[C@@H]2C=C1,None
C1=c2ccccc2=CSC1,97.795
c1ccc(Cc2ccccc2)cc1,68.222
Cc1ccccc1Cc1ccccc1,66.352
C[C@@]1(Cc2ccccc2)C=CC=CC1,83.815
CC1(Cc2ccccc2)C=CCC=C1,84.075
Cc1cccc(Cc2ccccc2)c1,66.708
Cc1ccc(Cc2ccccc2)cc1,66.736
CC(c1ccccc1)c1ccccc1,65.877
Nc1ccc(Cc2ccccc2)cc1,64.21
O=Cc1ccc(Cc2ccccc2)cc1,63.679
O=C(O)c1ccc(Cc2ccccc2)cc1,65.312
CCc1ccc(Cc2ccccc2)cc1,66.143
Oc1ccc(Cc2ccccc2)cc1,65.277
Sc1ccc(Cc2ccccc2)cc1,67.943
c1ccc(Cc2ccccn2)cc1,64.189
C1=CCN(Cc2ccccc2)C=C1,83.095
C1=CN(Cc2ccccc2)C=CC1,81.554
c1ccc(Cc2cccnc2)cc1,64.321
c1ccc(Cc2ccncc2)cc1,64.238
c1ccc(Nc2ccccc2)cc1,64.593
c1ccc(Cc2ccccp2)cc1,67.468
C1=CCP(Cc2ccccc2)C=C1,83.823
C1=CP(Cc2ccccc2)C=CC1,85.758
c1ccc(Cc2cccpc2)cc1,65.619
c1ccc(Cc2ccpcc2)cc1,66.764
c1ccc(Pc2ccccc2)cc1,65.228
C1=CO[C@@H](Cc2ccccc2)C=C1,86.034
C1=COC(Cc2ccccc2)=CC1,85.716
C1=CCOC(Cc2ccccc2)=C1,87.198
C1=COCC(Cc2ccccc2)=C1,82.634
C1=COC=C(Cc2ccccc2)C1,81.203
C1=CC(Cc2ccccc2)=COC1,83.622
C1=CC(Cc2ccccc2)C=CO1,83.045
C1=CC(Cc2ccccc2)=CCO1,83.262
c1ccc(Oc2ccccc2)cc1,68.766
C1=CS[C@@H](Cc2ccccc2)C=C1,85.431
C1=CSC(Cc2ccccc2)=CC1,86.093
C1=CCSC(Cc2ccccc2)=C1,84.611
C1=CSCC(Cc2ccccc2)=C1,83.246
C1=CSC=C(Cc2ccccc2)C1,84.954
C1=CC(Cc2ccccc2)=CSC1,83.991
C1=CC(Cc2ccccc2)C=CS1,86.897
C1=CC(Cc2ccccc2)=CCS1,84.125
c1ccc(Sc2ccccc2)cc1,69.506
C1=CCC2=Cc3ccccc3C2=C1,77.063
C1=CC2=c3ccccc3=C[C@H]2C=C1,91.612
c1ccc2c(c1)Cc1ccccc1-2,59.618
C1=CC2=c3ccccc3=CC2=CC1,84.306
C1=CC2=Cc3ccccc3C2=CC1,74.998
C1=CCC2=c3ccccc3=CC2=C1,86.749
C1=CC2=Cc3ccccc3[C@H]2C=C1,81.285
Cc1cccc2c1Cc1ccccc1-2,58.23
C[C@]12C=CC=CC1=c1ccccc1=C2,90.279
CC1c2ccccc2-c2ccccc21,58.976
Cc1ccc2c(c1)Cc1ccccc1-2,58.174
Cc1ccc2c(c1)-c1ccccc1C2,58.195
Cc1cccc2c1-c1ccccc1C2,58.034
C[C@]12C=CC=CC1=Cc1ccccc12,78.159
CCc1ccc2c(c1)Cc1ccccc1-2,57.992
Oc1ccc2c(c1)Cc1ccccc1-2,56.897
Nc1ccc2c(c1)Cc1ccccc1-2,55.69
O=C(O)c1ccc2c(c1)Cc1ccccc1-2,56.45
Sc1ccc2c(c1)Cc1ccccc1-2,59.081
O=Cc1ccc2c(c1)Cc1ccccc1-2,55.271
c1ccc2c(c1)Cc1ncccc1-2,55.445
c1ccc2c(c1)cn1ccccc21,64.461
c1ccc2c(c1)[nH]c1ccccc12,51.293
c1ccc2c(c1)Cc1cnccc1-2,55.676
c1ccc2c(c1)Cc1ccncc1-2,55.697
c1ccc2c(c1)Cc1cccnc1-2,55.459
c1ccc2c(c1)cc1ccccn12,62.361
c1ccc2c(c1)Cc1pcccc1-2,59.318
c1ccc2c(c1)cp1ccccc21,78.996
c1ccc2c(c1)[pH]c1ccccc12,60.818
c1ccc2c(c1)Cc1cpccc1-2,57.964
c1ccc2c(c1)Cc1ccpcc1-2,58.474
c1ccc2c(c1)Cc1cccpc1-2,58.899
c1ccc2c(c1)cc1ccccp12,76.519
c1coc2cc3ccccc3c-2c1,73.993
c1ccc2c(c1)oc1ccccc12,56.841
c1ccc2c3ccocc-3cc2c1,78.87
c1ccc2c3coccc-3cc2c1,71.006
c1coc2c3ccccc3cc-2c1,82.311
c1csc2cc3ccccc3c-2c1,84.188
c1ccc2c(c1)sc1ccccc12,68.166
c1ccc2c3ccscc-3cc2c1,90.196
c1ccc2c3csccc-3cc2c1,82.653
c1csc2c3ccccc3cc-2c1,92.143
c1ccc(-c2ccccc2)cc1,65.235
Cc1cccc(-c2ccccc2)c1,63.798
Cc1ccccc1-c1ccccc1,63.379
C[C@]1(c2ccccc2)C=CC=CC1,83.656
CC1(c2ccccc2)C=CCC=C1,83.572
Cc1ccc(-c2ccccc2)cc1,63.777
CCc1ccc(-c2ccccc2)cc1,63.651
Oc1ccc(-c2ccccc2)cc1,62.612
Nc1ccc(-c2ccccc2)cc1,61.237
Sc1ccc(-c2ccccc2)cc1,64.796
O=Cc1ccc(-c2ccccc2)cc1,61.453
O=C(O)c1ccc(-c2ccccc2)cc1,62.451
c1ccc(-c2cccnc2)cc1,61.474
c1ccc(-c2ccccn2)cc1,61.802
C1=CCN(c2ccccc2)C=C1,78.724
C1=CN(c2ccccc2)C=CC1,77.727
c1ccc(-c2ccncc2)cc1,61.502
c1ccc(-c2cccpc2)cc1,63.1
c1ccc(-c2ccccp2)cc1,64.719
C1=CCP(c2ccccc2)C=C1,83.765
C1=CP(c2ccccc2)C=CC1,85.088
c1ccc(-c2ccpcc2)cc1,63.972
C1=COCC(c2ccccc2)=C1,79.218
C1=COC=C(c2ccccc2)C1,78.749
C1=CCOC(c2ccccc2)=C1,80.859
C1=COC(c2ccccc2)=CC1,80.625
C1=CC(c2ccccc2)=CCO1,80.332
C1=CC(c2ccccc2)C=CO1,82.107
C1=CSCC(c2ccccc2)=C1,80.323
C1=CSC=C(c2ccccc2)C1,82.685
C1=CCSC(c2ccccc2)=C1,80.893
C1=CSC(c2ccccc2)=CC1,83.731
C1=CC(c2ccccc2)=CCS1,81.177
C1=CC(c2ccccc2)C=CS1,86.168
C1=CCC2=CC=CC2=C1,98.737
C1=CC2=CC=C[C@H]2C=C1,105.551
C1=Cc2ccccc2C1,72.779
C1=c2ccccc2=CC1,92.143
C1=CC2=CCC=CC2=C1,95.283
Cc1cccc2c1CC=C2,70.633
C[C@]12C=CC=CC1=CC=C2,103.74
C[C@@H]1C=Cc2ccccc21,73.616
CC1=Cc2ccccc2C1,69.994
CC1=CCc2ccccc21,70.622
Cc1cccc2c1C=CC2,70.947
Cc1ccc2c(c1)C=CC2,70.79
Cc1ccc2c(c1)CC=C2,70.779
NC1=Cc2ccccc2C1,64.122
OC1=Cc2ccccc2C1,66.886
O=CC1=Cc2ccccc2C1,65.755
O=C(O)C1=Cc2ccccc2C1,67.912
CCC1=Cc2ccccc2C1,69.293
SC1=Cc2ccccc2C1,69.837
C1=Cc2cccnc2C1,66.812
c1ccn2cccc2c1,67.671
c1ccc2[nH]ccc2c1,55.749
C1=NCc2ccccc21,64.395
C1=Nc2ccccc2C1,66.174
C1=Cc2ncccc2C1,66.833
C1=Cc2cnccc2C1,66.917
C1=Cc2ccncc2C1,66.645
C1=Cc2cccpc2C1,70.497
c1ccp2cccc2c1,93.263
c1ccc2[pH]ccc2c1,72.978
C1=PCc2ccccc21,70.978
C1=Pc2ccccc2C1,74.474
C1=Cc2pcccc2C1,69.827
C1=Cc2cpccc2C1,72.308
C1=Cc2ccpcc2C1,71.596
c1coc2cccc-2c1,91.881
c1ccc2occc2c1,63.934
c1ccc2cocc2c1,76.526
c1cc2ccocc-2c1,86.763
c1csc2cccc-2c1,106.535
c1ccc2sccc2c1,79.729
c1ccc2cscc2c1,91.986
c1cc2ccscc-2c1,103.855
c1ccc2c(c1)ccc1ccccc12,62.868
Cc1cccc2c1ccc1ccccc12,62.461
C[C@]12C=Cc3ccccc3C1=CC=CC2,81.11
Cc1cc2ccccc2c2ccccc12,61.349
Cc1ccc2c(ccc3ccccc32)c1,61.678
Cc1ccc2ccc3ccccc3c2c1,61.839
Cc1cccc2ccc3ccccc3c12,63.735
C[C@@]12CC=CC=C1C=Cc1ccccc12,78.891
CCc1ccc2c(ccc3ccccc32)c1,61.42
Oc1ccc2c(ccc3ccccc32)c1,60.703
Nc1ccc2c(ccc3ccccc32)c1,59.345
O=C(O)c1ccc2c(ccc3ccccc32)c1,60.523
Sc1ccc2c(ccc3ccccc32)c1,62.521
O=Cc1ccc2c(ccc3ccccc32)c1,59.566
c1ccc2c(c1)ccc1ncccc12,59.65
C1=CCN2C=Cc3ccccc3C2=C1,75.221
c1ccc2c(c1)cnc1ccccc12,59.841
c1ccc2c(c1)ccc1cnccc12,59.554
c1ccc2c(c1)ccc1ccncc12,59.77
c1ccc2c(c1)ccc1cccnc12,58.956
C1=CCN2C(=C1)C=Cc1ccccc12,73.016
c1ccc2c(c1)ccc1pcccc12,60.637
C1=CCP2C=Cc3ccccc3C2=C1,83.092
c1ccc2c(c1)cpc1ccccc12,62.078
c1ccc2c(c1)ccc1cpccc12,59.853
c1ccc2c(c1)ccc1ccpcc12,59.788
c1ccc2c(c1)ccc1cccpc12,60.063
C1=CCP2C(=C1)C=Cc1ccccc12,98.583
C1=CO[C@@H]2C=Cc3ccccc3C2=C1,82.994
C1=COC2=CCc3ccccc3C2=C1,78.863
C1=CCc2ccc3c(c2=C1)=CC=CO3,91.473
C1=COc2ccc3c(c2=C1)=CCC=C3,90.021
C1=COC2=CC=C3C=CC=C[C@H]3C2=C1,96.643
C1=COc2ccc3ccccc3c2C1,70.064
C1=Cc2c(ccc3ccccc23)OC1,71.523
c1ccc2c(c1)COc1ccccc1-2,64.321
C1=CCC2=COc3ccccc3C2=C1,79.254
C1=CC2=COc3ccccc3C2=CC1,77.419
C1=CC2=COc3ccccc3[C@@H]2C=C1,85.29
C1=CCC2=c3ccccc3=COC2=C1,89.924
C1=CC2=c3ccccc3=COC2=CC1,88.647
C1=CC2=c3ccccc3=CO[C@H]2C=C1,92.722
C1=c2ccc3ccccc3c2=CCO1,77.74
C1=C[C@@H]2C(=CO1)C=Cc1ccccc12,82.687
C1=CCc2c3c(ccc2=C1)=COC=C3,85.911
C1=Cc2c3c(ccc2=CC1)=COC=C3,85.311
C1=CC2=C3C=COC=C3C=C[C@H]2C=C1,95.101
C1=CC2=c3ccccc3=CCC2=CO1,88.277
C1=Cc2c(ccc3ccccc23)CO1,69.506
C1=Cc2ccc3ccccc3c2CO1,69.569
C1=CC2=CC=C3C=COC=C3[C@@H]2C=C1,93.985
C1=Cc2ccc3c(c2=CC1)=COC=C3,87.844
C1=CCc2ccc3c(c2=C1)=COC=C3,89.533
C1=CC2=CCc3ccccc3C2=CO1,76.624
C1=C[C@@H]2C=Cc3ccccc3C2=CO1,83.532
C1=c2ccc3ccccc3c2=COC1,76.972
C1=CO[C@@H]2C(=C1)C=Cc1ccccc12,81.829
C1=CCc2c3c(ccc2=C1)=CC=CO3,86.979
C1=COc2c3c(ccc2=C1)=CCC=C3,87.384
C1=COC2=C3C=CC=C[C@@H]3C=CC2=C1,97.669
C1=COC2=c3ccccc3=CCC2=C1,90.873
C1=COc2c(ccc3ccccc23)C1,70.748
C1=Cc2ccc3ccccc3c2OC1,71.341
C1=CS[C@@H]2C=Cc3ccccc3C2=C1,83.553
C1=CSC2=CCc3ccccc3C2=C1,80.406
C1=CCc2ccc3c(c2=C1)=CC=CS3,93.057
C1=CSc2ccc3c(c2=C1)=CCC=C3,91.675
C1=CSC2=CC=C3C=CC=C[C@H]3C2=C1,98.269
C1=CSc2ccc3ccccc3c2C1,73.428
C1=Cc2c(ccc3ccccc23)SC1,71.648
c1ccc2c(c1)CSc1ccccc1-2,64.245
C1=CCC2=CSc3ccccc3C2=C1,81.243
C1=CC2=CSc3ccccc3C2=CC1,80.224
C1=CC2=CSc3ccccc3[C@@H]2C=C1,84.516
C1=CCC2=c3ccccc3=CSC2=C1,91.891
C1=CC2=c3ccccc3=CSC2=CC1,90.726
C1=CC2=c3ccccc3=CS[C@H]2C=C1,73.693
C1=c2ccc3ccccc3c2=CCS1,78.096
C1=C[C@@H]2C(=CS1)C=Cc1ccccc12,83.546
C1=CCc2c3c(ccc2=C1)=CSC=C3,87.886
C1=Cc2c3c(ccc2=CC1)=CSC=C3,87.649
C1=CC2=C3C=CSC=C3C=C[C@H]2C=C1,97.488
C1=CC2=c3ccccc3=CCC2=CS1,90.489
C1=Cc2c(ccc3ccccc23)CS1,70.406
C1=Cc2ccc3ccccc3c2CS1,70.511
C1=CC2=CC=C3C=CSC=C3[C@@H]2C=C1,96.001
C1=Cc2ccc3c(c2=CC1)=CSC=C3,90.042
C1=CCc2ccc3c(c2=C1)=CSC=C3,91.577
C1=CC2=CCc3ccccc3C2=CS1,79.261
C1=C[C@@H]2C=Cc3ccccc3C2=CS1,86.225
C1=c2ccc3ccccc3c2=CSC1,77.468
C1=CS[C@@H]2C(=C1)C=Cc1ccccc12,81.871
C1=CCc2c3c(ccc2=C1)=CC=CS3,86.972
C1=CSc2c3c(ccc2=C1)=CCC=C3,88.647
C1=CSC2=C3C=CC=C[C@@H]3C=CC2=C1,98.611
C1=CSC2=c3ccccc3=CCC2=C1,92.415
C1=CSc2c(ccc3ccccc23)C1,73.232
C1=Cc2ccc3ccccc3c2SC1,71.404
c1ccc(CCc2ccccc2)cc1,67.727
Cc1cccc(CCc2ccccc2)c1,66.303
Cc1ccccc1CCc1ccccc1,66.317
C[C@]1(CCc2ccccc2)C=CC=CC1,86.52
CC1(CCc2ccccc2)C=CCC=C1,85.339
Cc1ccc(CCc2ccccc2)cc1,66.373
C[C@@H](Cc1ccccc1)c1ccccc1,66.254
N[C@@H](Cc1ccccc1)c1ccccc1,66.659
O[C@@H](Cc1ccccc1)c1ccccc1,66.401
O=C(O)[C@@H](Cc1ccccc1)c1ccccc1,68.355
O=C[C@@H](Cc1ccccc1)c1ccccc1,66.778
S[C@@H](Cc1ccccc1)c1ccccc1,67.224
CC[C@@H](Cc1ccccc1)c1ccccc1,65.947
c1ccc(CCc2cccnc2)cc1,63.882
c1ccc(CCc2ccccn2)cc1,63.833
C1=CCN(CCc2ccccc2)C=C1,81.948
C1=CN(CCc2ccccc2)C=CC1,79.846
c1ccc(CCc2ccncc2)cc1,63.749
c1ccc(CNc2ccccc2)cc1,65.598
c1ccc(CCc2cccpc2)cc1,65.689
c1ccc(CCc2ccccp2)cc1,66.938
C1=CCP(CCc2ccccc2)C=C1,84.862
C1=CP(CCc2ccccc2)C=CC1,86.67
c1ccc(CCc2ccpcc2)cc1,66.708
c1ccc(CPc2ccccc2)cc1,65.508
C1=COCC(CCc2ccccc2)=C1,82.919
C1=COC=C(CCc2ccccc2)C1,81.596
C1=CC(CCc2ccccc2)=COC1,83.53
C1=CCOC(CCc2ccccc2)=C1,83.505
C1=COC(CCc2ccccc2)=CC1,82.408
C1=CO[C@H](CCc2ccccc2)C=C1,85.481
C1=CC(CCc2ccccc2)=CCO1,83.053
C1=CC(CCc2ccccc2)C=CO1,83.706
c1ccc(COc2ccccc2)cc1,69.025
C1=CSC=C(CCc2ccccc2)C1,85.021
C1=CSCC(CCc2ccccc2)=C1,83.547
C1=CC(CCc2ccccc2)=CSC1,83.899
C1=CCSC(CCc2ccccc2)=C1,83.748
C1=CS[C@H](CCc2ccccc2)C=C1,85.381
C1=CSC(CCc2ccccc2)=CC1,85.942
C1=CC(CCc2ccccc2)=CCS1,84.719
C1=CC(CCc2ccccc2)C=CS1,87.692
c1ccc(CSc2ccccc2)cc1,69.332
c1ccc(Cc2cccc(Cc3ccccc3)c2)cc1,66.885
Cc1cccc(Cc2cccc(Cc3ccccc3)c2)c1,65.917
Cc1ccccc1Cc1cccc(Cc2ccccc2)c1,65.67
C[C@]1(Cc2cccc(Cc3ccccc3)c2)C=CC=CC1,77.353
CC1(Cc2cccc(Cc3ccccc3)c2)C=CCC=C1,76.73
Cc1ccc(Cc2cccc(Cc3ccccc3)c2)cc1,65.95
C[C@H](c1ccccc1)c1cccc(Cc2ccccc2)c1,65.638
C[C@]1(Cc2ccccc2)C=CC=C(Cc2ccccc2)C1,75.238
C[C@]1(Cc2ccccc2)C=CCC(Cc2ccccc2)=C1,75.081
C[C@@]1(Cc2ccccc2)C=C(Cc2ccccc2)C=CC1,74.956
Cc1c(Cc2ccccc2)cccc1Cc1ccccc1,65.549
Cc1ccc(Cc2ccccc2)cc1Cc1ccccc1,65.926
Cc1cc(Cc2ccccc2)cc(Cc2ccccc2)c1,64.824
Nc1ccc(Cc2cccc(Cc3ccccc3)c2)cc1,64.019
CCc1ccc(Cc2cccc(Cc3ccccc3)c2)cc1,66.052
Oc1ccc(Cc2cccc(Cc3ccccc3)c2)cc1,65.275
Sc1ccc(Cc2cccc(Cc3ccccc3)c2)cc1,66.694
O=C(O)c1ccc(Cc2cccc(Cc3ccccc3)c2)cc1,64.991
O=Cc1ccc(Cc2cccc(Cc3ccccc3)c2)cc1,64.038
c1ccc(Cc2cccc(Cc3cccnc3)c2)cc1,64.293
c1ccc(Cc2cccc(Cc3ccccn3)c2)cc1,64.433
C1=CCN(Cc2cccc(Cc3ccccc3)c2)C=C1,76.672
C1=CN(Cc2cccc(Cc3ccccc3)c2)C=CC1,75.877
c1ccc(Cc2cccc(Cc3ccncc3)c2)cc1,64.182
c1ccc(Cc2cccc(Nc3ccccc3)c2)cc1,64.554
C1=CN(Cc2ccccc2)CC(Cc2ccccc2)=C1,75.626
C1=CN(Cc2ccccc2)C=C(Cc2ccccc2)C1,74.657
C1=CC(Cc2ccccc2)=CN(Cc2ccccc2)C1,75.903
c1ccc(Cc2cccc(Cc3ccccc3)n2)cc1,64.079
c1ccc(Cc2ccnc(Cc3ccccc3)c2)cc1,64.242
c1ccc(Cc2cncc(Cc3ccccc3)c2)cc1,64.191
c1ccc(Cc2cccc(Cc3cccpc3)c2)cc1,65.112
c1ccc(Cc2cccc(Cc3ccccp3)c2)cc1,66.424
C1=CCP(Cc2cccc(Cc3ccccc3)c2)C=C1,76.196
C1=CP(Cc2cccc(Cc3ccccc3)c2)C=CC1,77.604
c1ccc(Cc2cccc(Cc3ccpcc3)c2)cc1,67.206
c1ccc(Cc2cccc(Pc3ccccc3)c2)cc1,63.247
C1=CP(Cc2ccccc2)CC(Cc2ccccc2)=C1,74.527
C1=CP(Cc2ccccc2)C=C(Cc2ccccc2)C1,75.903
C1=CC(Cc2ccccc2)=CP(Cc2ccccc2)C1,75.804
c1ccc(Cc2cccc(Cc3ccccc3)p2)cc1,66.726
c1ccc(Cc2ccpc(Cc3ccccc3)c2)cc1,66.633
c1ccc(Cc2cpcc(Cc3ccccc3)c2)cc1,63.344
C1=COCC(Cc2cccc(Cc3ccccc3)c2)=C1,75.804
C1=COC=C(Cc2cccc(Cc3ccccc3)c2)C1,74.94
C1=CC(Cc2cccc(Cc3ccccc3)c2)=COC1,76.536
C1=CCOC(Cc2cccc(Cc3ccccc3)c2)=C1,76.845
C1=COC(Cc2cccc(Cc3ccccc3)c2)=CC1,76.165
C1=CO[C@@H](Cc2cccc(Cc3ccccc3)c2)C=C1,78.473
C1=CC(Cc2cccc(Cc3ccccc3)c2)=CCO1,76.275
C1=CC(Cc2cccc(Cc3ccccc3)c2)C=CO1,76.306
c1ccc(Cc2cccc(Oc3ccccc3)c2)cc1,67.364
C1=C[C@@H](Cc2ccccc2)OC(Cc2ccccc2)=C1,78.834
C1=C(Cc2ccccc2)OC(Cc2ccccc2)=CC1,77.588
C1=CC(Cc2ccccc2)=C[C@H](Cc2ccccc2)O1,78.242
C1=C[C@H](Cc2ccccc2)C=C(Cc2ccccc2)O1,77.023
C1=C(Cc2ccccc2)C=C(Cc2ccccc2)OC1,76.505
C1=C(Cc2ccccc2)CC(Cc2ccccc2)=CO1,74.521
C1=C(Cc2ccccc2)C=C(Cc2ccccc2)CO1,75.819
C1=CSCC(Cc2cccc(Cc3ccccc3)c2)=C1,76.699
C1=CSC=C(Cc2cccc(Cc3ccccc3)c2)C1,77.646
C1=CC(Cc2cccc(Cc3ccccc3)c2)=CSC1,77.054
C1=CCSC(Cc2cccc(Cc3ccccc3)c2)=C1,77.421
C1=CSC(Cc2cccc(Cc3ccccc3)c2)=CC1,78.363
C1=CS[C@@H](Cc2cccc(Cc3ccccc3)c2)C=C1,77.907
C1=CC(Cc2cccc(Cc3ccccc3)c2)=CCS1,77.159
C1=CC(Cc2cccc(Cc3ccccc3)c2)C=CS1,78.74
c1ccc(Cc2cccc(Sc3ccccc3)c2)cc1,68.271
C1=C[C@@H](Cc2ccccc2)SC(Cc2ccccc2)=C1,77.662
C1=C(Cc2ccccc2)SC(Cc2ccccc2)=CC1,78.583
C1=CC(Cc2ccccc2)=C[C@H](Cc2ccccc2)S1,78.028
C1=C[C@H](Cc2ccccc2)C=C(Cc2ccccc2)S1,79.577
C1=C(Cc2ccccc2)C=C(Cc2ccccc2)SC1,76.897
C1=C(Cc2ccccc2)CC(Cc2ccccc2)=CS1,76.704
C1=C(Cc2ccccc2)C=C(Cc2ccccc2)CS1,76.217
c1ccc2cc3ccccc3cc2c1,66.809
Cc1cccc2cc3ccccc3cc12,64.022
C[C@]12C=CC=CC1=Cc1ccccc1C2,79.68
C[C@]12C=CC=CC1=CC1=CC=CCC1=C2,98.095
C[C@]12C=CC=CC1=CC1=CCC=CC1=C2,96.804
C[C@]12C=CC=CC1=C[C@H]1C=CC=CC1=C2,104.947
C[C@]12C=CC=C[C@H]1C=c1ccccc1=C2,102.84
C[C@]12C=CCC=C1C=c1ccccc1=C2,95.987
C[C@@]12C=c3ccccc3=CC1=CC=CC2,91.919
Cc1c2ccccc2cc2ccccc12,64.818
Cc1ccc2cc3ccccc3cc2c1,65.643
CCc1ccc2cc3ccccc3cc2c1,63.933
Oc1ccc2cc3ccccc3cc2c1,64.71
Nc1ccc2cc3ccccc3cc2c1,63.011
O=C(O)c1ccc2cc3ccccc3cc2c1,63.861
Sc1ccc2cc3ccccc3cc2c1,66.618
O=Cc1ccc2cc3ccccc3cc2c1,63.777
c1ccc2cc3ncccc3cc2c1,63.867
C1=CC2=Cc3ccccc3CN2C=C1,72.325
C1=CCC2=CN3C=CC=CC3=CC2=C1,83.888
C1=CC2=CC3=CCC=CC3=CN2C=C1,83.183
C1=CC2=CN3C=CC=CC3=C[C@@H]2C=C1,93.594
C1=C[C@@H]2C=c3ccccc3=CN2C=C1,93.685
C1=CN2C=c3ccccc3=CC2=CC1,84.111
C1=CCN2C=c3ccccc3=CC2=C1,82.004
c1ccc2nc3ccccc3cc2c1,64.405
c1ccc2cc3cnccc3cc2c1,63.622
c1ccc2cc3pcccc3cc2c1,65.284
C1=CC2=Cc3ccccc3CP2C=C1,81.864
C1=CCC2=CP3C=CC=CC3=CC2=C1,98.248
C1=CC2=CC3=CCC=CC3=CP2C=C1,97.453
C1=CC2=CP3C=CC=CC3=C[C@@H]2C=C1,103.866
C1=C[C@@H]2C=c3ccccc3=CP2C=C1,102.512
C1=CP2C=c3ccccc3=CC2=CC1,96.769
C1=CCP2C=c3ccccc3=CC2=C1,94.173
c1ccc2pc3ccccc3cc2c1,64.004
c1ccc2cc3cpccc3cc2c1,65.595
C1=CO[C@@H]2C=c3ccccc3=CC2=C1,93.336
C1=COC2=C[C@@H]3C=CC=CC3=CC2=C1,97.523
C1=COc2cc3c(cc2=C1)C=CCC=3,86.504
C1=CCc2cc3c(cc2=C1)OC=CC=3,87.412
C1=COC2=Cc3ccccc3CC2=C1,78.34
C1=COc2cc3ccccc3cc2C1,70.811
C1=Cc2cc3ccccc3cc2OC1,70.86
C1=CC2=Cc3ccccc3O[C@H]2C=C1,83.985
C1=CC2=Cc3ccccc3OC2=CC1,77.824
C1=CCC2=Cc3ccccc3OC2=C1,79.596
c1ccc2c(c1)Cc1ccccc1O2,66.045
C1=Cc2cc3ccccc3cc2CO1,69.639
C1=CC2=Cc3ccccc3CC2=CO1,75.828
C1=CCc2cc3c(cc2=C1)C=COC=3,85.821
C1=Cc2cc3c(cc2=CC1)C=COC=3,84.955
C1=CC2=CC3=COC=CC3=C[C@@H]2C=C1,95.534
C1=C[C@@H]2C=c3ccccc3=CC2=CO1,95.764
C1=c2cc3ccccc3cc2=COC1,87.565
C1=CS[C@@H]2C=c3ccccc3=CC2=C1,94.082
C1=CSC2=C[C@@H]3C=CC=CC3=CC2=C1,99.107
C1=CSc2cc3c(cc2=C1)C=CCC=3,80.468
C1=CCc2cc3c(cc2=C1)SC=CC=3,89.135
C1=CSC2=Cc3ccccc3CC2=C1,80.468
C1=CSc2cc3ccccc3cc2C1,73.476
C1=Cc2cc3ccccc3cc2SC1,71.376
C1=CC2=Cc3ccccc3S[C@H]2C=C1,84.153
C1=CC2=Cc3ccccc3SC2=CC1,79.526
C1=CCC2=Cc3ccccc3SC2=C1,82.018
c1ccc2c(c1)Cc1ccccc1S2,67.092
C1=Cc2cc3ccccc3cc2CS1,69.883
C1=CC2=Cc3ccccc3CC2=CS1,78.508
C1=CCc2cc3c(cc2=C1)C=CSC=3,87.949
C1=Cc2cc3c(cc2=CC1)C=CSC=3,87.244
C1=CC2=CC3=CSC=CC3=C[C@@H]2C=C1,97.941
C1=C[C@@H]2C=c3ccccc3=CC2=CS1,97.167
C1=c2cc3ccccc3cc2=CSC1,87.502
c1cc2ccc3cccc4ccc(c1)c2c34,59.522
Cc1ccc2ccc3cccc4ccc1c2c34,58.868
C[C@@]12C=CC=c3ccc4cccc(c4c31)=CC2,84.34
C[C@]12C=CC=c3ccc4c(c31)[C@@H](C=CC=4)C=C2,95.106
C[C@]12C=CC=c3ccc4c(c31)C(=CCC=4)C=C2,89.723
C[C@@]12C=CC=C3C=C[C@@H]4C=CC=C(C=C1)C4=C32,97.876
C[C@]12C=CC=C3CC=c4cccc(c4=C31)C=C2,91.87
C[C@]12C=CCc3ccc4cccc(c4c31)C=C2,74.693
C[C@@]12C=Cc3cccc4ccc(c1c34)C=CC2,71.852
Cc1cc2cccc3ccc4cccc1c4c32,58.067
Cc1cc2ccc3cccc4ccc(c1)c2c34,58.35
CCc1cc2ccc3cccc4ccc(c1)c2c34,58.266
Oc1cc2ccc3cccc4ccc(c1)c2c34,57.486
Sc1cc2ccc3cccc4ccc(c1)c2c34,59.438
Nc1cc2ccc3cccc4ccc(c1)c2c34,56.455
O=C(O)c1cc2ccc3cccc4ccc(c1)c2c34,57.528
O=Cc1cc2ccc3cccc4ccc(c1)c2c34,56.304
c1cc2ccc3ccnc4ccc(c1)c2c34,57.214
C1=CN2CC=c3cccc4ccc(c2c34)=C1,75.422
C1=C[C@H]2C=CN3C=CC=c4ccc(c2c43)=C1,84.304
C1=c2ccc3cccn4ccc(c2c3-4)=CC1,78
C1=C[C@H]2C=CC3=CC=CN4C=CC(=C1)C2=C34,85.321
C1=CN2C=Cc3cccc4c3=C2C(=C1)CC=4,78.539
C1=Cn2ccc3cccc4ccc(c2c43)C1,66.439
C1=Cc2ccc3cccc4ccn(c2c34)C1,66.534
C1=CN2C=Cc3cccc4c3[C@H]2C(=C1)C=C4,76.995
c1cc2ccc3cccc4ncc(c1)c2c34,57.308
c1cc2ccc3cncc4ccc(c1)c2c34,57.015
C1=CC2=CC=C3C=CC=C4C=CC(=C1)C2N43,77.163
C1=Cc2ccc3cccc4ccc(c2-n-3-4)C1,78.108
C1=CC2=CCc3cccc4c3N2C(=C1)C=C4,70.817
C1=C[C@@H]2C=Cc3cccc4c3N2C(=C1)C=C4,77.881
C1=c2ccc3cccc4ccc(n2-c34)=CC1,72.611
c1cc2ccc3ccpc4ccc(c1)c2c34,57.502
C1=CP2CC=c3cccc4ccc(c2c34)=C1,86.003
C1=C[C@H]2C=CP3C=CC=c4ccc(c2c43)=C1,93.282
C1=c2ccc3cccp4ccc(c2c3-4)=CC1,90.602
C1=C[C@H]2C=CC3=CC=CP4C=CC(=C1)C2=C34,97.636
C1=CP2C=Cc3cccc4c3=C2C(=C1)CC=4,92.355
C1=Cp2ccc3cccc4ccc(c2c43)C1,75.602
C1=Cc2ccc3cccc4ccp(c2c34)C1,73.933
C1=CP2C=Cc3cccc4c3[C@H]2C(=C1)C=C4,86.206
c1cc2ccc3cccc4pcc(c1)c2c34,59.308
c1cc2ccc3cpcc4ccc(c1)c2c34,57.56
C1=CC2=CC=C3C=CC=C4C=CC(=C1)C2P43,86.595
C1=Cc2ccc3cccc4ccc(c2-p-3-4)C1,94.137
C1=CC2=CCc3cccc4c3P2C(=C1)C=C4,78.574
C1=C[C@@H]2C=Cc3cccc4c3P2C(=C1)C=C4,87.068
C1=c2ccc3cccc4ccc(p2-c34)=CC1,80.04
C1=Cc2ccc3cccc4c3c2[C@H](C=C4)O1,73.335
C1=Cc2ccc3cccc4c3c2C(=CC4)O1,70.362
C1=Cc2ccc3ccoc4ccc(c2c34)C1,69.728
C1=Cc2ccc3occc4ccc(c2c43)C1,69.974
C1=CC2=CCc3cccc4ccc(c2c34)O1,69.172
C1=C[C@@H]2C=Cc3cccc4ccc(c2c34)O1,75.727
C1=c2ccc3cccc4ccc(c2c43)OC1,68.741
C1=CC2=CC=C3C=COC4=C3[C@H]2C(=C1)C=C4,91.482
c1cc2c3c(c1)ccc1cccc(c13)OC2,61.498
C1=Cc2ccc3cccc4occ(c2c34)C1,71.391
C1=Cc2coc3cccc4ccc(c2c43)C1,69.806
C1=c2cccc3c2=c2c(cccc2=CC3)O1,83.892
C1=C[C@@H]2C=Cc3cccc4c3=C2C(=C1)OC=4,90.997
C1=c2ccc3cccc4coc(c2c34)=CC1,82.929
C1=C[C@H]2OC=c3cccc4ccc(c2c34)=C1,84.938
C1=CC2=COc3cccc4c3[C@@H]2C(=C1)C=C4,80.028
C1=c2ccc3cccc4ccc(c2c43)CO1,67.097
C1=C2CC=c3cccc4ccc(c2c34)=CO1,81.72
C1=C[C@H]2C=CC3=COC=c4ccc(c2c43)=C1,88.587
C1=c2ccc3cocc4ccc(c2c34)=CC1,80.973
C1=Cc2cccc3c2C2C1=COC=C2C=C3,79.621
C1=Cc2ccc3cccc4c3c2[C@H](C=C4)S1,73.466
C1=Cc2ccc3cccc4c3c2C(=CC4)S1,72.031
C1=Cc2ccc3ccsc4ccc(c2c34)C1,79.322
C1=Cc2ccc3sccc4ccc(c2c43)C1,79.478
C1=CC2=CCc3cccc4ccc(c2c34)S1,71.469
C1=C[C@@H]2C=Cc3cccc4ccc(c2c34)S1,76.098
C1=c2ccc3cccc4ccc(c2c43)SC1,69.256
C1=CC2=CC=C3C=CSC4=C3[C@H]2C(=C1)C=C4,92.839
c1cc2c3c(c1)ccc1cccc(c13)SC2,62.222
C1=Cc2ccc3cccc4scc(c2c34)C1,80.566
C1=Cc2csc3cccc4ccc(c2c43)C1,78.981
C1=c2cccc3c2=c2c(cccc2=CC3)S1,85.722
C1=C[C@@H]2C=Cc3cccc4c3=C2C(=C1)SC=4,91.954
C1=c2ccc3cccc4csc(c2c34)=CC1,83.838
C1=C[C@H]2SC=c3cccc4ccc(c2c34)=C1,85.273
C1=CC2=CSc3cccc4c3[C@@H]2C(=C1)C=C4,81.098
C1=c2ccc3cccc4ccc(c2c43)CS1,67.719
C1=C2CC=c3cccc4ccc(c2c34)=CS1,83.772
C1=C[C@H]2C=CC3=CSC=c4ccc(c2c43)=C1,90.154
C1=c2ccc3cscc4ccc(c2c34)=CC1,82.498
C1=Cc2cccc3c2C2C1=CSC=C2C=C3,81.092
c1ccc(C(c2ccccc2)c2ccccc2)cc1,64.131
Cc1ccc(C(c2ccccc2)c2ccccc2)cc1,63.205
Cc1cccc(C(c2ccccc2)c2ccccc2)c1,63.172
Cc1ccccc1C(c1ccccc1)c1ccccc1,62.856
CC1(C(c2ccccc2)c2ccccc2)C=CCC=C1,72.491
C[C@]1(C(c2ccccc2)c2ccccc2)C=CC=CC1,73.203
CC(c1ccccc1)(c1ccccc1)c1ccccc1,61.944
Nc1ccc(C(c2ccccc2)c2ccccc2)cc1,61.391
O=C(O)c1ccc(C(c2ccccc2)c2ccccc2)cc1,60.069
CCc1ccc(C(c2ccccc2)c2ccccc2)cc1,62.777
Oc1ccc(C(c2ccccc2)c2ccccc2)cc1,62.079
Sc1ccc(C(c2ccccc2)c2ccccc2)cc1,61.428
O=Cc1ccc(C(c2ccccc2)c2ccccc2)cc1,61.111
c1ccc(C(c2ccccc2)c2ccncc2)cc1,61.572
c1ccc(C(c2ccccc2)c2cccnc2)cc1,61.646
c1ccc(C(c2ccccc2)c2ccccn2)cc1,62.144
C1=CN(C(c2ccccc2)c2ccccc2)C=CC1,73.009
C1=CCN(C(c2ccccc2)c2ccccc2)C=C1,74.061
c1ccc(N(c2ccccc2)c2ccccc2)cc1,62.461
c1ccc(C(c2ccccc2)c2ccpcc2)cc1,63.172
c1ccc(C(c2ccccc2)c2cccpc2)cc1,62.321
c1ccc(C(c2ccccc2)c2ccccp2)cc1,64.759
C1=CP(C(c2ccccc2)c2ccccc2)C=CC1,74.909
C1=CCP(C(c2ccccc2)c2ccccc2)C=C1,73.82
c1ccc(P(c2ccccc2)c2ccccc2)cc1,60.521
C1=CC(C(c2ccccc2)c2ccccc2)=CCO1,73.464
C1=CC(C(c2ccccc2)c2ccccc2)C=CO1,74.584
C1=CC(C(c2ccccc2)c2ccccc2)=COC1,73.679
C1=COCC(C(c2ccccc2)c2ccccc2)=C1,72.92
C1=COC=C(C(c2ccccc2)c2ccccc2)C1,72.444
C1=CCOC(C(c2ccccc2)c2ccccc2)=C1,75.228
C1=COC(C(c2ccccc2)c2ccccc2)=CC1,74.38
C1=CO[C@H](C(c2ccccc2)c2ccccc2)C=C1,76.772
C1=CC(C(c2ccccc2)c2ccccc2)=CCS1,73.276
C1=CC(C(c2ccccc2)c2ccccc2)C=CS1,76.4
C1=CC(C(c2ccccc2)c2ccccc2)=CSC1,74.145
C1=CSCC(C(c2ccccc2)c2ccccc2)=C1,73.391
C1=CSC=C(C(c2ccccc2)c2ccccc2)C1,74.757
C1=CCSC(C(c2ccccc2)c2ccccc2)=C1,74.453
C1=CSC(C(c2ccccc2)c2ccccc2)=CC1,75.688
C1=CS[C@H](C(c2ccccc2)c2ccccc2)C=C1,75.024
C1=Cc2c3c(ccc2=C1)=CC=C3,91.515
CC1=c2ccc3c(c2C=C1)C=CC=3,89.317
C[C@]12C=CC=C1C1=CC=CC1=CC2,94.692
C[C@]12C=CC=C1C1=CC=C[C@@H]1C=C2,107.378
C[C@]12C=CC=C1C1=CCC=C1C=C2,97.673
C[C@]12C=CC=C1[C@@H]1C=CC=C1C=C2,108.258
C[C@]12C=CCC1=C1C=CC=C1C=C2,97.874
C[C@@]12C=CC3=CC=CC3=C1C=CC2,92.097
Cc1cc2c(c3c1=CC=C3)C=CC=2,89.686
CC1=Cc2c3c(ccc2=C1)=CC=C3,89.261
CC1=CC=c2ccc3c(c21)C=CC=3,90.517
C[C@]12C=CC=C1C=CC1=CC=C[C@@H]12,95.119
C[C@]12C=CC=C1C=CC1=CCC=C12,95.346
C[C@]12C=CC=C1C=C[C@@H]1C=CC=C12,107.898
C[C@]12C=CC=C1CC=C1C=CC=C12,99.072
C[C@]12C=CCC1=CC=C1C=CC=C12,98.687
C[C@]12CC=CC1=CC=C1C=CC=C12,92.147
CCC1=c2ccc3c(c2C=C1)C=CC=3,89.079
OC1=c2ccc3c(c2C=C1)C=CC=3,85.793
NC1=c2ccc3c(c2C=C1)C=CC=3,82.129
O=C(O)C1=c2ccc3c(c2C=C1)C=CC=3,88.361
O=CC1=c2ccc3c(c2C=C1)C=CC=3,87.279
SC1=c2ccc3c(c2C=C1)C=CC=3,88.493
C1=Cc2c3c(ccc2=C1)=NC=C3,88.13
C1=CC2=CCn3cccc3C2=C1,79.972
C1=C[C@H]2C=Cn3cccc3C2=C1,85.356
C1=c2ccn3cccc3c2=CC1,75.575
C1=C[C@H]2C(=C1)C=Cn1cccc12,84.887
C1=Cn2ccc3cccc-3c2C1,79.369
C1=Cc2c3cccc-3ccn2C1,78.213
C1=Cc2c3c(ncc2=C1)=CC=C3,88.814
C1=Cc2c3c(ccc2=C1)=CN=C3,87.621
C1=Cc2c3c(ccc2=C1)=CC=N3,85.409
C1=C[C@H]2C(=C1)C=Cc1cccn12,83.949
C1=c2ccc3cccn3c2=CC1,74.545
C1=C[C@H]2C=Cc3cccn3C2=C1,86.093
C1=CC2=CCc3cccn3C2=C1,81.06
C1=Cn2c(ccc3cccc2-3)C1,80.75
C1=Cc2ccc3cccc-3n2C1,78.305
C1=Cc2c3c(ccc2=C1)=PC=C3,87.823
C1=CC2=CCp3cccc3C2=C1,94.031
C1=C[C@H]2C=Cp3cccc3C2=C1,102.848
C1=c2ccp3cccc3c2=CC1,95.739
C1=C[C@H]2C(=C1)C=Cp1cccc12,100.721
C1=Cp2ccc3cccc-3c2C1,96.92
C1=Cc2c3cccc-3ccp2C1,91.745
C1=Cc2c3c(pcc2=C1)=CC=C3,90.293
C1=Cc2c3c(ccc2=C1)=CP=C3,90.489
C1=Cc2c3c(ccc2=C1)=CC=P3,88.123
C1=C[C@H]2C(=C1)C=Cc1cccp12,92.071
C1=c2ccc3cccp3c2=CC1,94.265
C1=C[C@H]2C=Cc3cccp3C2=C1,101.944
C1=CC2=CCc3cccp3C2=C1,96.283
C1=Cp2c(ccc3cccc2-3)C1,97.221
C1=Cc2ccc3cccc-3p2C1,91.402
C1=CC2=C3C=CO[C@@H]3C=CC2=C1,92.348
C1=CC2=c3ccoc3=CCC2=C1,87.742
C1=Cc2c(ccc3occc23)C1,66.373
C1=Cc2ccc3occc3c2C1,66.574
C1=CC2=CC=C3OC=C[C@@H]3C2=C1,98.527
C1=Cc2ccc3c(c2=C1)=CCO3,82.777
C1=CC2=C3C=CC=C3OCC2=C1,96.92
C1=Cc2c(coc3cccc2-3)C1,88.002
C1=Cc2coc3cccc-3c2C1,88.421
C1=CC2=COC3=CC=C[C@@H]3C2=C1,99.407
C1=c2occ3cccc-3c2=CC1,88.471
C1=CC2=CO[C@@H]3C=CC=C3C2=C1,95.739
C1=Cc2c3c(ccc2=C1)=COC3,79.519
C1=C[C@H]2C(=C1)C=Cc1cocc12,87.927
C1=c2ccc3cocc3c2=CC1,79.612
C1=Cc2c(ccc3cocc23)C1,76.346
C1=CC2=CCc3cocc3C2=C1,83.187
C1=Cc2ccc3c(c2=C1)=COC3,82.191
C1=CC2=CC=C3C=CO[C@@H]3C2=C1,94.391
C1=Cc2ccc3ccoc3c2C1,66.708
C1=Cc2c(ccc3ccoc23)C1,67.076
C1=CC2=c3occc3=CCC2=C1,88.496
C1=CC2=C3OC=C[C@H]3C=CC2=C1,96.719
C1=Cc2c3c(ccc2=C1)=CCO3,80.524
C1=CC2=C3C=CS[C@@H]3C=CC2=C1,94.441
C1=CC2=c3ccsc3=CCC2=C1,91.108
C1=Cc2c(ccc3sccc23)C1,79.126
C1=c2ccc3sccc3c2=CC1,90.891
C1=CC2=CC=C3SC=C[C@H]3C2=C1,100.897
C1=Cc2ccc3c(c2=C1)=CCS3,86.076
C1=CC2=C3C=CC=C3SCC2=C1,97.313
C1=Cc2c(csc3cccc2-3)C1,99.13
C1=Cc2csc3cccc-3c2C1,99.993
C1=CC2=CSC3=CC=C[C@@H]3C2=C1,100.872
C1=c2scc3cccc-3c2=CC1,92.038
C1=CC2=CS[C@@H]3C=CC=C3C2=C1,96.133
C1=Cc2c3c(ccc2=C1)=CSC3,83.698
C1=C[C@H]2C(=C1)C=Cc1cscc12,100.864
C1=c2ccc3cscc3c2=CC1,92.741
C1=C[C@@H]2C=Cc3cscc3C2=C1,102.505
C1=CC2=CCc3cscc3C2=C1,96.526
C1=Cc2ccc3c(c2=C1)=CSC3,86.461
C1=CC2=CC=C3C=CS[C@@H]3C2=C1,95.865
C1=Cc2ccc3ccsc3c2C1,78.967
C1=Cc2c(ccc3ccsc23)C1,79.26
C1=CC2=c3sccc3=CCC2=C1,91.594
C1=CC2=C3SC=C[C@H]3C=CC2=C1,99.089
C1=Cc2c3c(ccc2=C1)=CCS3,83.447
C1=Cc2cc3c(cc2=C1)C=CC=3,86.574
CC1=CC=c2cc3c(cc21)=CC=C3,82.359
C[C@]12C=CC=C1C=C1C=CC=C1C2,93.194
C[C@]12C=CC=C1C=C1C=CCC1=C2,96.593
C[C@]12C=CC=C1C=C1CC=CC1=C2,97.431
C[C@]12C=CC=C1CC1=CC=CC1=C2,100.085
C[C@]12C=CCC1=CC1=CC=CC1=C2,97.832
C[C@@]12C=C3C=CC=C3C=C1C=CC2,92.365
Cc1c2c(cc3c1=CC=C3)=CC=C2,84.013
CC1=Cc2cc3c(cc2=C1)C=CC=3,84.83
CCC1=CC=c2cc3c(cc21)=CC=C3,83.999
OC1=CC=c2cc3c(cc21)=CC=C3,80.852
NC1=CC=c2cc3c(cc21)=CC=C3,76.519
O=C(O)C1=CC=c2cc3c(cc21)=CC=C3,83.336
O=CC1=CC=c2cc3c(cc21)=CC=C3,83.008
SC1=CC=c2cc3c(cc21)=CC=C3,83.588
C1=Cc2cc3c(cc2=C1)N=CC=3,82.639
C1=CC2=Cc3cccn3CC2=C1,77.183
C1=Cc2cc3cccn3cc2C1,69.438
C1=Cc2cn3cccc3cc2C1,69.756
C1=CC2=Cn3cccc3CC2=C1,79.796
C1=Cn2cc3cccc-3cc2C1,79.519
C1=Cc2cc3cccc-3cn2C1,77.635
C1=Cc2nc3c(cc2=C1)C=CC=3,87.593
C1=Cc2cc3c(cc2=C1)C=NC=3,80.552
C1=Cc2cc3c(cc2=C1)P=CC=3,81.32
C1=CC2=Cc3cccp3CC2=C1,91.242
C1=Cc2cc3cccp3cc2C1,89.961
C1=Cc2cp3cccc3cc2C1,90.372
C1=CC2=Cp3cccc3CC2=C1,96.409
C1=Cp2cc3cccc-3cc2C1,95.362
C1=Cc2cc3cccc-3cp2C1,91.008
C1=Cc2pc3c(cc2=C1)C=CC=3,84.439
C1=Cc2cc3c(cc2=C1)C=PC=3,85.374
C1=Cc2cc3c(cc2=C1)OCC=3,85.23
C1=CC2=C[C@@H]3C=COC3=CC2=C1,98.703
C1=C[C@@H]2C=c3ccoc3=CC2=C1,94.776
C1=c2cc3ccoc3cc2=CC1,82.953
C1=C[C@H]2C=c3occc3=CC2=C1,94.14
C1=CC2=C[C@@H]3OC=CC3=CC2=C1,95.111
C1=CC2=CC3=CC=C[C@@H]3OC2=C1,100.78
C1=c2cc3cccc-3oc2=CC1,92.39
C1=CC2=C[C@@H]3C=CC=C3OC2=C1,104.406
C1=Cc2cc3c(cc2=C1)COC=3,80.75
C1=CC2=Cc3cocc3CC2=C1,82.844
C1=Cc2cc3cocc3cc2C1,75.693
C1=Cc2cc3c(cc2=C1)SCC=3,86.478
C1=CC2=C[C@@H]3C=CSC3=CC2=C1,100.529
C1=C[C@@H]2C=c3ccsc3=CC2=C1,97.447
C1=c2cc3ccsc3cc2=CC1,85.867
C1=C[C@H]2C=c3sccc3=CC2=C1,96.777
C1=CC2=C[C@@H]3SC=CC3=CC2=C1,96.032
C1=CC2=CC3=CC=C[C@@H]3SC2=C1,97.657
C1=c2cc3cccc-3sc2=CC1,93.755
C1=CC2=C[C@@H]3C=CC=C3SC2=C1,104.054
C1=Cc2cc3c(cc2=C1)CSC=3,84.644
C1=CC2=Cc3cscc3CC2=C1,96.116
C1=Cc2cc3cscc3cc2C1,88.153
